{
    "single_hop": {
        "Recall@all": 0.9560260586319218,
        "Hit rate@all": 0.9560260586319218,
        "nDCG@all": 0.8488154635163404,
        "MRR@all": 0.8125678610206293,
        "Recall@1": 0.7133550488599348,
        "Hit rate@1": 0.7133550488599348,
        "nDCG@1": 0.7133550488599348,
        "MRR@1": 0.7133550488599348,
        "Recall@5": 0.9560260586319218,
        "Hit rate@5": 0.9560260586319218,
        "nDCG@5": 0.8488154635163404,
        "MRR@5": 0.8125678610206293,
        "Recall@10": 0.9560260586319218,
        "Hit rate@10": 0.9560260586319218,
        "nDCG@10": 0.8488154635163404,
        "MRR@10": 0.8125678610206293,
        "score": 4.138436482084691,
        "passing": 0.757328990228013
    },
    "text": {
        "Recall@all": 1.0,
        "Hit rate@all": 1.0,
        "nDCG@all": 0.8883828625019368,
        "MRR@all": 0.8504273504273505,
        "Recall@1": 0.7435897435897436,
        "Hit rate@1": 0.7435897435897436,
        "nDCG@1": 0.7435897435897436,
        "MRR@1": 0.7435897435897436,
        "Recall@5": 1.0,
        "Hit rate@5": 1.0,
        "nDCG@5": 0.8883828625019368,
        "MRR@5": 0.8504273504273505,
        "Recall@10": 1.0,
        "Hit rate@10": 1.0,
        "nDCG@10": 0.8883828625019368,
        "MRR@10": 0.8504273504273505,
        "score": 4.243589743589744,
        "passing": 0.782051282051282
    },
    "2d_layout": {
        "Recall@all": 0.9623188405797102,
        "Hit rate@all": 0.9623188405797102,
        "nDCG@all": 0.8648349008514189,
        "MRR@all": 0.8319323671497584,
        "Recall@1": 0.7434782608695653,
        "Hit rate@1": 0.7434782608695653,
        "nDCG@1": 0.7434782608695653,
        "MRR@1": 0.7434782608695653,
        "Recall@5": 0.9623188405797102,
        "Hit rate@5": 0.9623188405797102,
        "nDCG@5": 0.8648349008514189,
        "MRR@5": 0.8319323671497584,
        "Recall@10": 0.9623188405797102,
        "Hit rate@10": 0.9623188405797102,
        "nDCG@10": 0.8648349008514189,
        "MRR@10": 0.8319323671497584,
        "score": 4.246376811594203,
        "passing": 0.782608695652174
    },
    "multi_hop": {
        "Recall@all": 0.9791666666666666,
        "Hit rate@all": 0.9791666666666666,
        "nDCG@all": 0.9164558976819049,
        "MRR@all": 0.8952430555555552,
        "Recall@1": 0.8375,
        "Hit rate@1": 0.8375,
        "nDCG@1": 0.8375,
        "MRR@1": 0.8375,
        "Recall@5": 0.9791666666666666,
        "Hit rate@5": 0.9791666666666666,
        "nDCG@5": 0.9164558976819049,
        "MRR@5": 0.8952430555555552,
        "Recall@10": 0.9791666666666666,
        "Hit rate@10": 0.9791666666666666,
        "nDCG@10": 0.9164558976819049,
        "MRR@10": 0.8952430555555552,
        "score": 4.485416666666667,
        "passing": 0.84375
    },
    "chart": {
        "Recall@all": 0.9407894736842105,
        "Hit rate@all": 0.9407894736842105,
        "nDCG@all": 0.8791900811285968,
        "MRR@all": 0.8584429824561405,
        "Recall@1": 0.8026315789473685,
        "Hit rate@1": 0.8026315789473685,
        "nDCG@1": 0.8026315789473685,
        "MRR@1": 0.8026315789473685,
        "Recall@5": 0.9407894736842105,
        "Hit rate@5": 0.9407894736842105,
        "nDCG@5": 0.8791900811285968,
        "MRR@5": 0.8584429824561405,
        "Recall@10": 0.9407894736842105,
        "Hit rate@10": 0.9407894736842105,
        "nDCG@10": 0.8791900811285968,
        "MRR@10": 0.8584429824561405,
        "score": 4.177631578947368,
        "passing": 0.7631578947368421
    },
    "table": {
        "Recall@all": 0.9885057471264368,
        "Hit rate@all": 0.9885057471264368,
        "nDCG@all": 0.9276131511044218,
        "MRR@all": 0.906800766283525,
        "Recall@1": 0.8448275862068966,
        "Hit rate@1": 0.8448275862068966,
        "nDCG@1": 0.8448275862068966,
        "MRR@1": 0.8448275862068966,
        "Recall@5": 0.9885057471264368,
        "Hit rate@5": 0.9885057471264368,
        "nDCG@5": 0.9276131511044218,
        "MRR@5": 0.906800766283525,
        "Recall@10": 0.9885057471264368,
        "Hit rate@10": 0.9885057471264368,
        "nDCG@10": 0.9276131511044218,
        "MRR@10": 0.906800766283525,
        "score": 4.586206896551724,
        "passing": 0.8793103448275862
    }
}