{
    "Recall@all": 0.9661791590493601,
    "Hit rate@all": 0.9661791590493601,
    "nDCG@all": 0.8784931677206073,
    "MRR@all": 0.8488421694088979,
    "Recall@1": 0.7678244972577697,
    "Hit rate@1": 0.7678244972577697,
    "nDCG@1": 0.7678244972577697,
    "MRR@1": 0.7678244972577697,
    "Recall@5": 0.9661791590493601,
    "Hit rate@5": 0.9661791590493601,
    "nDCG@5": 0.8784931677206073,
    "MRR@5": 0.8488421694088979,
    "Recall@10": 0.9661791590493601,
    "Hit rate@10": 0.9661791590493601,
    "nDCG@10": 0.8784931677206073,
    "MRR@10": 0.8488421694088979,
    "score": 4.290676416819013,
    "passing": 0.7952468007312614
}